Site,Archive or Source (site visit),Location in Archive or Date of My Visit,Type,Item (File Name),Title,PDF?
Bernau,Bauhaus Archiv,Mappe 22,Article,Adolf Behne.pdf,"Bundesschule des ADGB, Bernau (1928)",Yes
Bernau,Bauhaus Archiv,Mappe 22,Article,DSC03389.JPG,"Bundesschule des ADGB, Bernau (1928)",
Bernau,Bauhaus Archiv,Mappe 22,Article,DSC03390.JPG,"Bundesschule des ADGB, Bernau (1928)",
Bernau,Bauhaus Archiv,Mappe 22,Article,DSC03391.JPG,"Bundesschule des ADGB, Bernau (1928)",
Bernau,Bauhaus Archiv,Mappe 22,Article,DSC03392.JPG,"Bundesschule des ADGB, Bernau (1928)",
Bernau,Bauhaus Archiv,Mappe 22,Article,DSC03393.JPG,"Bundesschule des ADGB, Bernau (1928)",
Bernau,Bauhaus Archiv,Mappe 22,Article,DSC03394.JPG,"Bundesschule des ADGB, Bernau (1928)",
Bernau,Bauhaus Archiv,Mappe 22,Article,DSC03395.JPG,"Bundesschule des ADGB, Bernau (1928)",
Bernau,Bauhaus Archiv,Mappe 22,Article,DSC03396.JPG,"Bundesschule des ADGB, Bernau (1928)",
Bernau,Bauhaus Archiv,Mappe 22,Article,DSC03397.JPG,"Bundesschule des ADGB, Bernau (1928)",
Bernau,Bauhaus Archiv,Mappe 5,Article,DSC03364.JPG,Ein Wochenende in Bernau (1932),
Bernau,Bauhaus Archiv,Mappe 5,Article,DSC03365.JPG,Ein Wochenende in Bernau (1932),
Bernau,Bauhaus Archiv,Mappe 5,Article,Kläre Schuch.pdf,Ein Wochenende in Bernau (1932),Yes
Bernau,Bauhaus Archiv,Mappe Unknown,Brochure,ADGB post-renovation brochure.pdf,Baudenkmal Bundeschule Bernau (2007?),Yes
Bernau,Bauhaus Archiv,Mappe Unknown,Brochure,DSC03250.JPG,Baudenkmal Bundeschule Bernau (2007?),
Bernau,Bauhaus Archiv,Mappe Unknown,Brochure,DSC03251.JPG,Baudenkmal Bundeschule Bernau (2007?),
Bernau,Bauhaus Archiv,Mappe Unknown,Brochure,DSC03252.JPG,Baudenkmal Bundeschule Bernau (2007?),
Bernau,Bauhaus Archiv,Mappe Unknown,Brochure,DSC03253.JPG,Baudenkmal Bundeschule Bernau (2007?),
Bernau,Bauhaus Archiv,Mappe Unknown,Brochure,DSC03254.JPG,Baudenkmal Bundeschule Bernau (2007?),
Bernau,Bauhaus Archiv,Mappe Unknown,Brochure,DSC03255.JPG,Baudenkmal Bundeschule Bernau (2007?),
Bernau,Bauhaus Archiv,Mappe Unknown,Brochure,DSC03256.JPG,Baudenkmal Bundeschule Bernau (2007?),
Bernau,Bauhaus Archiv,Mappe Unknown,Brochure,DSC03257.JPG,Baudenkmal Bundeschule Bernau (2007?),
Bernau,Bauhaus Archiv,Mappe Unknown,Photo guide,DDR Zeit Photo Guide.pdf,Gewerkschafts-Hochschule Fritz Heckert (n.d.),Yes
Bernau,Bauhaus Archiv,Mappe Unknown,Photo guide,DSC03258.JPG,Gewerkschafts-Hochschule Fritz Heckert (n.d.),
Bernau,Bauhaus Archiv,Mappe Unknown,Photo guide,DSC03259.JPG,Gewerkschafts-Hochschule Fritz Heckert (n.d.),
Bernau,Bauhaus Archiv,Mappe Unknown,Photo guide,DSC03260.JPG,Gewerkschafts-Hochschule Fritz Heckert (n.d.),
Bernau,Bauhaus Archiv,Mappe Unknown,Photo guide,DSC03261.JPG,Gewerkschafts-Hochschule Fritz Heckert (n.d.),
Bernau,Bauhaus Archiv,Mappe Unknown,Photo guide,DSC03262.JPG,Gewerkschafts-Hochschule Fritz Heckert (n.d.),
Bernau,Bauhaus Archiv,Mappe Unknown,Photo guide,DSC03263.JPG,Gewerkschafts-Hochschule Fritz Heckert (n.d.),
Bernau,Bauhaus Archiv,Mappe Unknown,Photos,DDR Zeit Photos.pdf,"Photos to accompany ""Gewerkschafts-Hochschule""",Yes
Bernau,Bauhaus Archiv,Mappe Unknown,Photos,DSC03271.JPG,"Photos to accompany ""Gewerkschafts-Hochschule""",
Bernau,Bauhaus Archiv,Mappe Unknown,Photos,DSC03272.JPG,"Photos to accompany ""Gewerkschafts-Hochschule""",
Bernau,Bauhaus Archiv,Mappe Unknown,Photos,DSC03273.JPG,"Photos to accompany ""Gewerkschafts-Hochschule""",
Bernau,Bauhaus Archiv,Mappe Unknown,Photos,DSC03274.JPG,"Photos to accompany ""Gewerkschafts-Hochschule""",
Bernau,Bauhaus Archiv,Mappe Unknown,Photos,DSC03275.JPG,"Photos to accompany ""Gewerkschafts-Hochschule""",
Bernau,Bauhaus Archiv,Mappe Unknown,Photos,DSC03276.JPG,"Photos to accompany ""Gewerkschafts-Hochschule""",
Bernau,Bauhaus Archiv,Mappe Unknown,Photos,DSC03277.JPG,"Photos to accompany ""Gewerkschafts-Hochschule""",
Bernau,Bauhaus Archiv,Mappe Unknown,Photos,DSC03278.JPG,"Photos to accompany ""Gewerkschafts-Hochschule""",
Bernau,Bauhaus Archiv,Mappe Unknown,Photos,DSC03279.JPG,"Photos to accompany ""Gewerkschafts-Hochschule""",
Bernau,Bauhaus Archiv,Mappe Unknown,Photos,DSC03280.JPG,"Photos to accompany ""Gewerkschafts-Hochschule""",
Bernau,Bauhaus Archiv,Mappe Unknown,Photos,DSC03281.JPG,"Photos to accompany ""Gewerkschafts-Hochschule""",
Bernau,Bauhaus Archiv,Mappe Unknown,Photos,DSC03282.JPG,"Photos to accompany ""Gewerkschafts-Hochschule""",
Bernau,Bauhaus Archiv,Mappe Unknown,Typescript,DSC03464.JPG,Die Bundesschule des ADGB,
Bernau,Bauhaus Archiv,Mappe Unknown,Typescript,DSC03465.JPG,Die Bundesschule des ADGB,
Bernau,Bauhaus Archiv,Mappe Unknown,Typescript,DSC03466.JPG,Die Bundesschule des ADGB,
Bernau,Bauhaus Archiv,Mappe Unknown,Typescript,DSC03467.JPG,Die Bundesschule des ADGB,
Bernau,Bauhaus Archiv,Mappe Unknown,Typescript,DSC03468.JPG,Die Bundesschule des ADGB,
Bernau,Bauhaus Archiv,Mappe Unknown,Typescript,Hannes Meyer.pdf,Die Bundesschule des ADGB,Yes
Bernau,My Visit,"June 16, 2012",Photos,DSC02988.JPG,Exterior Mosaic (FDGB [DDR]) 1 (1950 addition),
Bernau,My Visit,"June 16, 2012",Photos,DSC02989.JPG,Exterior Mosaic (FDGB [DDR]) 2 (1950 addition),
Bernau,My Visit,"June 16, 2012",Photos,DSC02990.JPG,2008 World Monuments Fund/Knoll Modernism Prize,
Bernau,My Visit,"June 16, 2012",Photos,DSC02991.jpg,BDA Prize,
Bernau,My Visit,"June 16, 2012",Photos,DSC02992.JPG,Description of Changes to Entrance Building,
Bernau,My Visit,"June 16, 2012",Photos,DSC02993.JPG,Map,
Bernau,My Visit,"June 16, 2012",Photos,DSC02994.JPG,Side-by-Side Images of Entrance,
Bernau,My Visit,"June 16, 2012",Photos,DSC02995.jpg,,
Bernau,My Visit,"June 16, 2012",Photos,DSC02996.JPG,"Street Sign, ""Hannes-Meyer-Campus""",
Bernau,My Visit,"June 16, 2012",Photos,DSC02997.JPG,Entrance,
Bernau,My Visit,"June 16, 2012",Photos,DSC02998.JPG,,
Bernau,My Visit,"June 16, 2012",Photos,DSC02999.JPG,Hermann Duncker placard/memorial,
Bernau,My Visit,"June 16, 2012",Photos,DSC03000.jpg,,
Bernau,My Visit,"June 16, 2012",Photos,DSC03001.JPG,Lehrerhäuser Description,
Bernau,My Visit,"June 16, 2012",Photos,DSC03002.JPG,,
Bernau,My Visit,"June 16, 2012",Photos,DSC03003.jpg,Site Map,
Bernau,My Visit,"June 16, 2012",Photos,DSC03004.jpg,Example of use of glass bricks,
Bernau,My Visit,"June 16, 2012",Photos,DSC03005.jpg,Speisesaal description,
Bernau,My Visit,"June 16, 2012",Photos,DSC03006.JPG,,
Bernau,My Visit,"June 16, 2012",Photos,DSC03007.JPG,,
Bernau,My Visit,"June 16, 2012",Photos,DSC03008.JPG,"South Side, looking NE, 1",
Bernau,My Visit,"June 16, 2012",Photos,DSC03009.JPG,"South Side, looking NE, 2",
Bernau,My Visit,"June 16, 2012",Photos,DSC03010.jpg,Path to Pond,
Bernau,My Visit,"June 16, 2012",Photos,DSC03011.JPG,,
Bernau,My Visit,"June 16, 2012",Photos,DSC03012.jpg,Aula Description,
Bernau,My Visit,"June 16, 2012",Photos,DSC03013.JPG,,
Bernau,My Visit,"June 16, 2012",Photos,DSC03014.JPG,1950 addition (placement of mosaic visible),
Bernau,My Visit,"June 16, 2012",Photos,DSC03015.JPG,1950 addition?,
Bernau,My Visit,"June 16, 2012",Photos,DSC03016.JPG,Entrance,
Bernau,My Visit,"June 16, 2012",Photos,DSC03017.JPG,Entrance and 1950 addition with mosaic,
Bernau,My Visit,"June 16, 2012",Photos,DSC03018.jpg,"1950 addition? Later addition, too?",
Bernau,My Visit,"June 16, 2012",Photos,DSC03019.JPG,Later addition?,
Bernau,My Visit,"June 16, 2012",Photos,DSC03020.JPG,1950 addition,
Bernau,My Visit,"June 16, 2012",Photos,DSC03021.JPG,,
Bernau,My Visit,"June 16, 2012",Photos,DSC03022.JPG,,
Bernau,My Visit,"June 16, 2012",Photos,DSC03023.JPG,,
Bernau,My Visit,"June 16, 2012",Photos,DSC03024.jpg,,
Bernau,My Visit,"June 16, 2012",Photos,DSC03025.JPG,,
Bernau,My Visit,"June 16, 2012",Photos,DSC03026.JPG,,
Bernau,My Visit,"June 16, 2012",Photos,DSC03027.JPG,"South side, 1:200 scale model",
Bernau,My Visit,"June 16, 2012",Photos,DSC03028.JPG,Scale model label,
Bernau,My Visit,"June 16, 2012",Photos,DSC03029.jpg,,
Bernau,My Visit,"June 16, 2012",Photos,DSC03030.JPG,Glass bricks in bathroom,
Bernau,My Visit,"June 16, 2012",Photos,DSC03031.jpg,Bathroom,
Bernau,My Visit,"June 16, 2012",Photos,DSC03032.JPG,,
Bernau,My Visit,"June 16, 2012",Photos,DSC03033.JPG,EU Funding Placard,
Bernau,My Visit,"June 16, 2012",Photos,DSC03034.JPG,"Cornerstone, ""29.7.1928""",
Bernau,My Visit,"June 16, 2012",Photos,DSC03035.jpg,School History Placard,
Bernau,My Visit,"June 16, 2012",Photos,DSC03036.jpg,Placard Identifying Architects,
Bernau,My Visit,"June 16, 2012",Photos,DSC03037.JPG,,
Bernau,My Visit,"June 16, 2012",Photos,DSC03038.jpg,,
Bernau,My Visit,"June 16, 2012",Photos,DSC03039.JPG,"Hallway, looking NE, North Side",
Bernau,My Visit,"June 16, 2012",Photos,DSC03040.JPG,,
Bernau,My Visit,"June 16, 2012",Photos,DSC03041.jpg,Speisesaal,
Bernau,My Visit,"June 16, 2012",Photos,DSC03042.jpg,,
Bernau,My Visit,"June 16, 2012",Photos,DSC03043.JPG,Speisesaal,
Bernau,My Visit,"June 16, 2012",Photos,DSC03044.JPG,,
Bernau,My Visit,"June 16, 2012",Photos,DSC03045.JPG,Speisesaal windows (looking onto teachers' houses),
Bernau,My Visit,"June 16, 2012",Photos,DSC03047.jpg,,
Bernau,My Visit,"June 16, 2012",Photos,DSC03048.JPG,Speisesaal (looking NE),
Bernau,My Visit,"June 16, 2012",Photos,DSC03049.JPG,,
Bernau,My Visit,"June 16, 2012",Photos,DSC03050.jpg,,
Bernau,My Visit,"June 16, 2012",Photos,DSC03051.JPG,,
Bernau,My Visit,"June 16, 2012",Photos,DSC03052.jpg,Window Fastener,
Bernau,My Visit,"June 16, 2012",Photos,DSC03053.jpg,"Hallway, looking NE, North Side",
Bernau,My Visit,"June 16, 2012",Photos,DSC03054.JPG,"Colored Glass, North Side",
Bernau,My Visit,"June 16, 2012",Photos,DSC03055.JPG,"Colored Glass, North Side",
Bernau,My Visit,"June 16, 2012",Photos,DSC03056.JPG,,
Bernau,My Visit,"June 16, 2012",Photos,DSC03057.jpg,Window Fastener (elevated window),
Bernau,My Visit,"June 16, 2012",Photos,DSC03058.jpg,"Window, South Side",
Bernau,My Visit,"June 16, 2012",Photos,DSC03059.JPG,,
Bernau,My Visit,"June 16, 2012",Photos,DSC03060.jpg,,
Bernau,My Visit,"June 16, 2012",Photos,DSC03061.jpg,Shower,
Bernau,My Visit,"June 16, 2012",Photos,DSC03062.jpg,Bathtub,
Bernau,My Visit,"June 16, 2012",Photos,DSC03063.JPG,"Window Fastener, Bathroom",
Bernau,My Visit,"June 16, 2012",Photos,DSC03064.JPG,Window Mechanism,
Bernau,My Visit,"June 16, 2012",Photos,DSC03065.jpg,,
Bernau,My Visit,"June 16, 2012",Photos,DSC03066.jpg,Stairwell,
Bernau,My Visit,"June 16, 2012",Photos,DSC03067.JPG,,
Bernau,My Visit,"June 16, 2012",Photos,DSC03068.JPG,"Colored Glass, North Side",
Bernau,My Visit,"June 16, 2012",Photos,DSC03069.jpg,"Hallway, looking NE, North Side",
Bernau,My Visit,"June 16, 2012",Photos,DSC03070.JPG,"Colored Glass, North Side",
Bernau,My Visit,"June 16, 2012",Photos,DSC03071.JPG,Exit on NE corner of bldg. (South Side),
Bernau,My Visit,"June 16, 2012",Photos,DSC03072.JPG,Gymnasium (windows looking out North),
Bernau,My Visit,"June 16, 2012",Photos,DSC03073.jpg,,
Bernau,My Visit,"June 16, 2012",Photos,DSC03074.jpg,,
Bernau,My Visit,"June 16, 2012",Photos,DSC03075.jpg,,
Bernau,My Visit,"June 16, 2012",Photos,DSC03076.jpg,,
Bernau,My Visit,"June 16, 2012",Photos,DSC03077.JPG,Gymnasium (windows looking out South),
Bernau,My Visit,"June 16, 2012",Photos,DSC03078.jpg,"Hallway, looking southwest, North Side",
Bernau,My Visit,"June 16, 2012",Photos,DSC03079.jpg,Stairway window,
Bernau,My Visit,"June 16, 2012",Photos,DSC03080.jpg,,
Bernau,My Visit,"June 16, 2012",Photos,DSC03081.jpg,,
Bernau,My Visit,"June 16, 2012",Photos,DSC03082.jpg,Stairway window,
Bernau,My Visit,"June 16, 2012",Photos,DSC03083.jpg,Exit on NE corner of bldg. (South Side),
Bernau,My Visit,"June 16, 2012",Photos,DSC03084.jpg,"Stairway window, mechanism",
Bernau,My Visit,"June 16, 2012",Photos,DSC03085.jpg,Upstairs Classroom,
Bernau,My Visit,"June 16, 2012",Photos,DSC03086.jpg,"Upstairs Classroom, looking southwest (1950 addition visible)",
Bernau,My Visit,"June 16, 2012",Photos,DSC03087.jpg,,
Bernau,My Visit,"June 16, 2012",Photos,DSC03088.jpg,"Upstairs Classroom, Elevated Window Mechanism",
Bernau,My Visit,"June 16, 2012",Photos,DSC03089.jpg,"Upstairs Classroom, Elevated Window",
Bernau,My Visit,"June 16, 2012",Photos,DSC03090.jpg,"Upstairs Classroom, Elevated Window Mechanism",
Bernau,My Visit,"June 16, 2012",Photos,DSC03091.JPG,"Looking southwest at North Side, from upstairs classroom",
Bernau,My Visit,"June 16, 2012",Photos,DSC03092.JPG,"Side-by-Side view of Wohngebäude, 2001 and 2007",
Bernau,My Visit,"June 16, 2012",Photos,DSC03093.jpg,,
Bernau,My Visit,"June 16, 2012",Photos,DSC03094.jpg,Baudenkmal Placard,
Bernau,My Visit,"June 16, 2012",Photos,DSCO3008.jpg,Window Mechanism (looking south?),
Mümliswil,Bauhaus Archiv,Mappe 3,Typescript,Hannes Meyer,Notes on Kinderheim,1938:39.pdf
Mümliswil,Bauhaus Archiv,Mappe 3,Typescript,Typescript 1938:39.JPG,Notes on Kinderheim,
Mümliswil,Bauhaus Archiv,Mappe 3,Typescript,Typescript 1938:39b.JPG,Notes on Kinderheim,
Mümliswil,Bauhaus Archiv,Mappe Unknown,Article,DSC03293.JPG,Kinderheim…,
Mümliswil,Bauhaus Archiv,Mappe Unknown,Article,DSC03294.JPG,Kinderheim…,
Mümliswil,Bauhaus Archiv,Mappe Unknown,Article,DSC03295.JPG,Kinderheim…,
Mümliswil,Bauhaus Archiv,Mappe Unknown,Article,DSC03296.JPG,Kinderheim…,
Mümliswil,Bauhaus Archiv,Mappe Unknown,Article,DSC03297.JPG,Kinderheim…,
Mümliswil,Bauhaus Archiv,Mappe Unknown,Article,DSC03298.JPG,Kinderheim…,
Mümliswil,Bauhaus Archiv,Mappe Unknown,Article,DSC03299.JPG,Kinderheim…,
Mümliswil,Bauhaus Archiv,Mappe Unknown,Article,DSC03300.JPG,Kinderheim…,
Mümliswil,Bauhaus Archiv,Mappe Unknown,Article,Hannes Meyer,Kinderheim…,1953.pdf
Mümliswil,GTA Zürich,Archive Item 28-1937-1-BBR-1,Article 1,DSC05348.JPG,,
Mümliswil,GTA Zürich,Archive Item 28-1937-1-BBR-1,Article 1,DSC05349.JPG,,
Mümliswil,GTA Zürich,Archive Item 28-1937-1-BBR-1,Article 1,DSC05350.JPG,,
Mümliswil,GTA Zürich,Archive Item 28-1937-1-BBR-1,Article 1,DSC05351.JPG,,
Mümliswil,GTA Zürich,Archive Item 28-1937-1-BBR-1,Article 1,DSC05352.JPG,,
Mümliswil,GTA Zürich,Archive Item 28-1937-1-BBR-1,Article 1,DSC05353.JPG,,
Mümliswil,GTA Zürich,Archive Item 28-1937-1-BBR-1,Article 1,DSC05354.JPG,,
Mümliswil,GTA Zürich,Archive Item 28-1937-1-BBR-1,Article 1,DSC05355.JPG,,
Mümliswil,GTA Zürich,Archive Item 28-1937-1-BBR-1,Article 1,DSC05356.JPG,,
Mümliswil,GTA Zürich,Archive Item 28-1937-1-BBR-1,Article 1,DSC05357.JPG,,
Mümliswil,GTA Zürich,Archive Item 28-1937-1-BBR-1,Article 1,DSC05359.JPG,,
Mümliswil,GTA Zürich,Archive Item 28-1937-1-BBR-1,Article 1,Werk,Kinderheim…,July 1953.pdf
Mümliswil,GTA Zürich,Archive Item 28-1937-1-BBR-1,Article 10,Coop-Zeitung,Glanzjahr für Mümliswil,1987.pdf
Mümliswil,GTA Zürich,Archive Item 28-1937-1-BBR-1,Article 10,DSC05384.JPG,Glanzjahr für Mümliswil,
Mümliswil,GTA Zürich,Archive Item 28-1937-1-BBR-1,Article 10,DSC05385.JPG,Glanzjahr für Mümliswil,
Mümliswil,GTA Zürich,Archive Item 28-1937-1-BBR-1,Article 11,Coop-Zeitung,Treffpunkt Mümliswil,1989.pdf
Mümliswil,GTA Zürich,Archive Item 28-1937-1-BBR-1,Article 11,DSC05382.JPG,Treffpunkt Mümliswil,
Mümliswil,GTA Zürich,Archive Item 28-1937-1-BBR-1,Article 11,DSC05383.JPG,Treffpunkt Mümliswil,
Mümliswil,GTA Zürich,Archive Item 28-1937-1-BBR-1,Article 12,Coop-Zeitung,Vom Handwerk regiert,1989.pdf
Mümliswil,GTA Zürich,Archive Item 28-1937-1-BBR-1,Article 12,DSC05379.JPG,Vom Handwerk regiert,
Mümliswil,GTA Zürich,Archive Item 28-1937-1-BBR-1,Article 12,DSC05380.JPG,Vom Handwerk regiert,
Mümliswil,GTA Zürich,Archive Item 28-1937-1-BBR-1,Article 12,DSC05381.JPG,Vom Handwerk regiert,
Mümliswil,GTA Zürich,Archive Item 28-1937-1-BBR-1,Article 13,Coop-Zeitung,Ein Zentrum für Frauen,1989.pdf
Mümliswil,GTA Zürich,Archive Item 28-1937-1-BBR-1,Article 13,DSC05376.JPG,Ein Zentrum für Frauen,
Mümliswil,GTA Zürich,Archive Item 28-1937-1-BBR-1,Article 13,DSC05377.JPG,Ein Zentrum für Frauen,
Mümliswil,GTA Zürich,Archive Item 28-1937-1-BBR-1,Article 13,DSC05378.JPG,Ein Zentrum für Frauen,
Mümliswil,GTA Zürich,Archive Item 28-1937-1-BBR-1,Article 14,DSC05360.JPG,,
Mümliswil,GTA Zürich,Archive Item 28-1937-1-BBR-1,Article 14,DSC05361.JPG,,
Mümliswil,GTA Zürich,Archive Item 28-1937-1-BBR-1,Article 14,DSC05362.JPG,,
Mümliswil,GTA Zürich,Archive Item 28-1937-1-BBR-1,Article 14,DSC05363.JPG,,
Mümliswil,GTA Zürich,Archive Item 28-1937-1-BBR-1,Article 14,DSC05364.JPG,,
Mümliswil,GTA Zürich,Archive Item 28-1937-1-BBR-1,Article 14,DSC05365.JPG,,
Mümliswil,GTA Zürich,Archive Item 28-1937-1-BBR-1,Article 14,DSC05366.JPG,,
Mümliswil,GTA Zürich,Archive Item 28-1937-1-BBR-1,Article 14,DSC05367.JPG,,
Mümliswil,GTA Zürich,Archive Item 28-1937-1-BBR-1,Article 14,DSC05368.JPG,,
Mümliswil,GTA Zürich,Archive Item 28-1937-1-BBR-1,Article 14,DSC05369.JPG,,
Mümliswil,GTA Zürich,Archive Item 28-1937-1-BBR-1,Article 14,DSC05370.JPG,,
Mümliswil,GTA Zürich,Archive Item 28-1937-1-BBR-1,Article 14,DSC05371.JPG,,
Mümliswil,GTA Zürich,Archive Item 28-1937-1-BBR-1,Article 14,DSC05372.JPG,,
Mümliswil,GTA Zürich,Archive Item 28-1937-1-BBR-1,Article 14,DSC05373.JPG,,
Mümliswil,GTA Zürich,Archive Item 28-1937-1-BBR-1,Article 14,Jean Claude Ludi,Eine Andere Moderne…,1990.pdf
Mümliswil,GTA Zürich,Archive Item 28-1937-1-BBR-1,Article 15,Coop-Zeitung,Bevor die Decke…,1990.pdf
Mümliswil,GTA Zürich,Archive Item 28-1937-1-BBR-1,Article 15,DSC05374.JPG,Bevor die Decke…,
Mümliswil,GTA Zürich,Archive Item 28-1937-1-BBR-1,Article 15,DSC05375.JPG,Bevor die Decke…,
Mümliswil,GTA Zürich,Archive Item 28-1937-1-BBR-1,Article 2,DSC05405.JPG,Bevor die Decke…,
Mümliswil,GTA Zürich,Archive Item 28-1937-1-BBR-1,Article 2,Genossenschaft,Coop Frauenbund…,Nov 1964.pdf
Mümliswil,GTA Zürich,Archive Item 28-1937-1-BBR-1,Article 3,DSC05403.JPG,Coop Frauenbund…,
Mümliswil,GTA Zürich,Archive Item 28-1937-1-BBR-1,Article 3,DSC05404.JPG,Coop Frauenbund…,
Mümliswil,GTA Zürich,Archive Item 28-1937-1-BBR-1,Article 3,Genossenschaft,Das erste Bildungs-…,April 1975.pdf
Mümliswil,GTA Zürich,Archive Item 28-1937-1-BBR-1,Article 4,DSC05401.JPG,Das erste Bildungs-…,
Mümliswil,GTA Zürich,Archive Item 28-1937-1-BBR-1,Article 4,DSC05402.JPG,Das erste Bildungs-…,
Mümliswil,GTA Zürich,Archive Item 28-1937-1-BBR-1,Article 4,Genossenschaft,Was wurde…?,August 1975.pdf
Mümliswil,GTA Zürich,Archive Item 28-1937-1-BBR-1,Article 5,Coop-Zeitung,Komplett aus dem…,1978.pdf
Mümliswil,GTA Zürich,Archive Item 28-1937-1-BBR-1,Article 5,DSC05395.JPG,Komplett aus dem…,
Mümliswil,GTA Zürich,Archive Item 28-1937-1-BBR-1,Article 5,DSC05396.JPG,Komplett aus dem…,
Mümliswil,GTA Zürich,Archive Item 28-1937-1-BBR-1,Article 5,DSC05397.JPG,Komplett aus dem…,
Mümliswil,GTA Zürich,Archive Item 28-1937-1-BBR-1,Article 5,DSC05398.JPG,Komplett aus dem…,
Mümliswil,GTA Zürich,Archive Item 28-1937-1-BBR-1,Article 5,DSC05399.JPG,Komplett aus dem…,
Mümliswil,GTA Zürich,Archive Item 28-1937-1-BBR-1,Article 5,DSC05400.JPG,Komplett aus dem…,
Mümliswil,GTA Zürich,Archive Item 28-1937-1-BBR-1,Article 6,Coop-Zeitung,Ein kleines Paradies,1979.pdf
Mümliswil,GTA Zürich,Archive Item 28-1937-1-BBR-1,Article 6,DSC05392.JPG,Ein kleines Paradies,
Mümliswil,GTA Zürich,Archive Item 28-1937-1-BBR-1,Article 6,DSC05393.JPG,Ein kleines Paradies,
Mümliswil,GTA Zürich,Archive Item 28-1937-1-BBR-1,Article 7,Coop-Zeitung,Aktive Erholung…,1980.pdf
Mümliswil,GTA Zürich,Archive Item 28-1937-1-BBR-1,Article 7,DSC05390.JPG,Aktive Erholung…,
Mümliswil,GTA Zürich,Archive Item 28-1937-1-BBR-1,Article 7,DSC05391.JPG,Aktive Erholung…,
Mümliswil,GTA Zürich,Archive Item 28-1937-1-BBR-1,Article 8,Coop-Zeitung,Der Coop Frauenbund…,1980.pdf
Mümliswil,GTA Zürich,Archive Item 28-1937-1-BBR-1,Article 8,DSC05388.JPG,Der Coop Frauenbund…,
Mümliswil,GTA Zürich,Archive Item 28-1937-1-BBR-1,Article 8,DSC05389.JPG,Der Coop Frauenbund…,
Mümliswil,GTA Zürich,Archive Item 28-1937-1-BBR-1,Article 9,Coop-Zeitung,In Mümliswil kann man…,1986.pdf
Mümliswil,GTA Zürich,Archive Item 28-1937-1-BBR-1,Article 9,DSC05386.JPG,In Mümliswil kann man…,
Mümliswil,GTA Zürich,Archive Item 28-1937-1-BBR-1,Article 9,DSC05387.JPG,In Mümliswil kann man…,
Mümliswil,GTA Zürich,Archive Item 28-1937-1-F…,Period Photos by M Wolgensinger,DSC05273.JPG,,
Mümliswil,GTA Zürich,Archive Item 28-1937-1-F…,Period Photos by M Wolgensinger,DSC05274.JPG,,
Mümliswil,GTA Zürich,Archive Item 28-1937-1-F…,Period Photos by M Wolgensinger,DSC05275.JPG,,
Mümliswil,GTA Zürich,Archive Item 28-1937-1-F…,Period Photos by M Wolgensinger,DSC05276.JPG,,
Mümliswil,GTA Zürich,Archive Item 28-1937-1-F…,Period Photos by M Wolgensinger,DSC05277.JPG,,
Mümliswil,GTA Zürich,Archive Item 28-1937-1-F…,Period Photos by M Wolgensinger,DSC05278.JPG,,
Mümliswil,GTA Zürich,Archive Item 28-1937-1-F…,Period Photos by M Wolgensinger,DSC05279.JPG,,
Mümliswil,GTA Zürich,Archive Item 28-1937-1-F…,Period Photos by M Wolgensinger,DSC05280.JPG,,
Mümliswil,GTA Zürich,Archive Item 28-1937-1-F…,Period Photos by M Wolgensinger,DSC05281.JPG,,
Mümliswil,GTA Zürich,Archive Item 28-1937-1-F…,Period Photos by M Wolgensinger,DSC05282.JPG,,
Mümliswil,GTA Zürich,Archive Item 28-1937-1-F…,Period Photos by M Wolgensinger,DSC05283.JPG,,
Mümliswil,GTA Zürich,Archive Item 28-1937-1-F…,Period Photos by M Wolgensinger,DSC05284.JPG,,
Mümliswil,GTA Zürich,Archive Item 28-1937-1-F…,Period Photos by M Wolgensinger,DSC05285.JPG,,
Mümliswil,GTA Zürich,Archive Item 28-1937-1-F…,Period Photos by M Wolgensinger,DSC05286.JPG,,
Mümliswil,GTA Zürich,Archive Item 28-1937-1-F…,Period Photos by M Wolgensinger,DSC05287.JPG,,
Mümliswil,GTA Zürich,Archive Item 28-1937-1-F…,Period Photos by M Wolgensinger,DSC05288.JPG,,
Mümliswil,GTA Zürich,Archive Item 28-1937-1-F…,Period Photos by M Wolgensinger,DSC05289.JPG,,
Mümliswil,GTA Zürich,Archive Item 28-1937-1-F…,Period Photos by M Wolgensinger,DSC05290.JPG,,
Mümliswil,GTA Zürich,Archive Item 28-1937-1-F…,Period Photos by M Wolgensinger,DSC05291.JPG,,
Mümliswil,GTA Zürich,Archive Item 28-1937-1-F…,Period Photos by M Wolgensinger,DSC05292.JPG,,
Mümliswil,GTA Zürich,Archive Item 28-1937-1-F…,Period Photos by M Wolgensinger,DSC05293.JPG,,
Mümliswil,GTA Zürich,Archive Item 28-1937-1-F…,Period Photos by M Wolgensinger,DSC05294.JPG,,
Mümliswil,GTA Zürich,Archive Item 28-1937-1-F…,Period Photos by M Wolgensinger,DSC05295.JPG,,
Mümliswil,GTA Zürich,Archive Item 28-1937-1-F…,Period Photos by M Wolgensinger,DSC05296.JPG,,
Mümliswil,GTA Zürich,Archive Item 28-1937-1-F…,Period Photos by M Wolgensinger,DSC05297.JPG,,
Mümliswil,GTA Zürich,Archive Item 28-1937-1-F…,Period Photos by M Wolgensinger,DSC05298.JPG,,
Mümliswil,GTA Zürich,Archive Item 28-1937-1-F…,Period Photos by M Wolgensinger,DSC05299.JPG,,
Mümliswil,GTA Zürich,Archive Item 28-1937-1-F…,Period Photos by M Wolgensinger,DSC05300.JPG,,
Mümliswil,GTA Zürich,Archive Item 28-1937-1-…,Architectural Drawings,DSC05159.JPG,,
Mümliswil,GTA Zürich,Archive Item 28-1937-1-…,Architectural Drawings,DSC05160.JPG,,
Mümliswil,GTA Zürich,Archive Item 28-1937-1-…,Architectural Drawings,DSC05161.JPG,,
Mümliswil,GTA Zürich,Archive Item 28-1937-1-…,Architectural Drawings,DSC05162.JPG,,
Mümliswil,GTA Zürich,Archive Item 28-1937-1-…,Architectural Drawings,DSC05163.JPG,,
Mümliswil,GTA Zürich,Archive Item 28-1937-1-…,Architectural Drawings,DSC05164.JPG,,
Mümliswil,GTA Zürich,Archive Item 28-1937-1-…,Architectural Drawings,DSC05165.JPG,,
Mümliswil,GTA Zürich,Archive Item 28-1937-1-…,Architectural Drawings,DSC05166.JPG,,
Mümliswil,GTA Zürich,Archive Item 28-1937-1-…,Architectural Drawings,DSC05167.JPG,,
Mümliswil,GTA Zürich,Archive Item 28-1937-1-…,Architectural Drawings,DSC05168.JPG,,
Mümliswil,GTA Zürich,Archive Item 28-1937-1-…,Architectural Drawings,DSC05169.JPG,,
Mümliswil,GTA Zürich,Archive Item 28-1937-1-…,Architectural Drawings,DSC05170.JPG,,
Mümliswil,GTA Zürich,Archive Item 28-1937-1-…,Architectural Drawings,DSC05171.JPG,,
Mümliswil,GTA Zürich,Archive Item 28-1937-1-…,Architectural Drawings,DSC05172.JPG,,
Mümliswil,GTA Zürich,Archive Item 28-1937-1-…,Architectural Drawings,DSC05173.JPG,,
Mümliswil,GTA Zürich,Archive Item 28-1937-1-…,Architectural Drawings,DSC05174.JPG,,
Mümliswil,GTA Zürich,Archive Item 28-1937-1-…,Architectural Drawings,DSC05175.JPG,,
Mümliswil,GTA Zürich,Archive Item 28-1937-1-…,Architectural Drawings,DSC05176.JPG,,
Mümliswil,GTA Zürich,Archive Item 28-1937-1-…,Architectural Drawings,DSC05177.JPG,,
Mümliswil,GTA Zürich,Archive Item 28-1937-1-…,Architectural Drawings,DSC05178.JPG,,
Mümliswil,GTA Zürich,Archive Item 28-1937-1-…,Architectural Drawings,DSC05179.JPG,,
Mümliswil,GTA Zürich,Archive Item 28-1937-1-…,Architectural Drawings,DSC05180.JPG,,
Mümliswil,GTA Zürich,Archive Item 28-1937-1-…,Architectural Drawings,DSC05181.JPG,,
Mümliswil,GTA Zürich,Archive Item 28-1937-1-…,Architectural Drawings,DSC05182.JPG,,
Mümliswil,GTA Zürich,Archive Item 28-1937-1-…,Architectural Drawings,DSC05183.JPG,,
Mümliswil,GTA Zürich,Archive Item 28-1937-1-…,Architectural Drawings,DSC05184.JPG,,
Mümliswil,GTA Zürich,Archive Item 28-1937-1-…,Architectural Drawings,DSC05185.JPG,,
Mümliswil,GTA Zürich,Archive Item 28-1937-1-…,Architectural Drawings,DSC05186.JPG,,
Mümliswil,GTA Zürich,Archive Item 28-1937-1-…,Architectural Drawings,DSC05187.JPG,,
Mümliswil,GTA Zürich,Archive Item 28-1937-1-…,Architectural Drawings,DSC05188.JPG,,
Mümliswil,GTA Zürich,Archive Item 28-1937-1-…,Architectural Drawings,DSC05189.JPG,,
Mümliswil,GTA Zürich,Archive Item 28-1937-1-…,Architectural Drawings,DSC05190.JPG,,
Mümliswil,GTA Zürich,Archive Item 28-1937-1-…,Architectural Drawings,DSC05191.JPG,,
Mümliswil,GTA Zürich,Archive Item 28-1937-1-…,Architectural Drawings,DSC05192.JPG,,
Mümliswil,GTA Zürich,Archive Item 28-1937-1-…,Architectural Drawings,DSC05193.JPG,,
Mümliswil,GTA Zürich,Archive Item 28-1937-1-…,Architectural Drawings,DSC05194.JPG,,
Mümliswil,GTA Zürich,Archive Item 28-1937-1-…,Architectural Drawings,DSC05195.JPG,,
Mümliswil,GTA Zürich,Archive Item 28-1937-1-…,Architectural Drawings,DSC05196.JPG,,
Mümliswil,GTA Zürich,Archive Item 28-1937-1-…,Architectural Drawings,DSC05197.JPG,,
Mümliswil,GTA Zürich,Archive Item 28-1937-1-…,Architectural Drawings,DSC05198.JPG,,
Mümliswil,GTA Zürich,Archive Item 28-1937-1-…,Architectural Drawings,DSC05199.JPG,,
Mümliswil,GTA Zürich,Archive Item 28-1937-1-…,Architectural Drawings,DSC05200.JPG,,
Mümliswil,GTA Zürich,Archive Item 28-1937-1-…,Architectural Drawings,DSC05201.JPG,,
Mümliswil,GTA Zürich,Archive Item 28-1937-1-…,Architectural Drawings,DSC05202.JPG,,
Mümliswil,GTA Zürich,Archive Item 28-1937-1-…,Architectural Drawings,DSC05203.JPG,,
Mümliswil,GTA Zürich,Archive Item 28-1937-1-…,Architectural Drawings,DSC05204.JPG,,
Mümliswil,GTA Zürich,Archive Item 28-1937-1-…,Architectural Drawings,DSC05205.JPG,,
Mümliswil,GTA Zürich,Archive Item 28-1937-1-…,Architectural Drawings,DSC05206.JPG,,
Mümliswil,GTA Zürich,Archive Item 28-1937-1-…,Architectural Drawings,DSC05207.JPG,,
Mümliswil,GTA Zürich,Archive Item 28-1937-1-…,Architectural Drawings,DSC05208.JPG,,
Mümliswil,GTA Zürich,Archive Item 28-1937-1-…,Architectural Drawings,DSC05209.JPG,,
Mümliswil,GTA Zürich,Archive Item 28-1937-1-…,Architectural Drawings,DSC05210.JPG,,
Mümliswil,GTA Zürich,Archive Item 28-1937-1-…,Architectural Drawings,DSC05211.JPG,,
Mümliswil,GTA Zürich,Archive Item 28-1937-1-…,Architectural Drawings,DSC05212.JPG,,
Mümliswil,GTA Zürich,Archive Item 28-1937-1-…,Architectural Drawings,DSC05213.JPG,,
Mümliswil,GTA Zürich,Archive Item 28-1937-1-…,Architectural Drawings,DSC05214.JPG,,
Mümliswil,GTA Zürich,Archive Item 28-1937-1-…,Architectural Drawings,DSC05215.JPG,,
Mümliswil,GTA Zürich,Archive Item 28-1937-1-…,Architectural Drawings,DSC05216.JPG,,
Mümliswil,GTA Zürich,Archive Item 28-1937-1-…,Architectural Drawings,DSC05217.JPG,,
Mümliswil,GTA Zürich,Archive Item 28-1937-1-…,Architectural Drawings,DSC05218.JPG,,
Mümliswil,GTA Zürich,Archive Item 28-1937-1-…,Architectural Drawings,DSC05219.JPG,,
Mümliswil,GTA Zürich,Archive Item 28-1937-1-…,Architectural Drawings,DSC05220.JPG,,
Mümliswil,GTA Zürich,Archive Item 28-1937-1-…,Architectural Drawings,DSC05221.JPG,,
Mümliswil,GTA Zürich,Archive Item 28-1937-1-…,Architectural Drawings,DSC05222.JPG,,
Mümliswil,GTA Zürich,Archive Item 28-1937-1-…,Architectural Drawings,DSC05223.JPG,,
Mümliswil,GTA Zürich,Archive Item 28-1937-1-…,Architectural Drawings,DSC05224.JPG,,
Mümliswil,GTA Zürich,Archive Item 28-1937-1-…,Architectural Drawings,DSC05225.JPG,,
Mümliswil,GTA Zürich,Archive Item 28-1937-1-…,Architectural Drawings,DSC05226.JPG,,
Mümliswil,GTA Zürich,Archive Item 28-1937-1-…,Architectural Drawings,DSC05227.JPG,,
Mümliswil,GTA Zürich,Archive Item 28-1937-1-…,Architectural Drawings,DSC05228.JPG,,
Mümliswil,GTA Zürich,Archive Item 28-1937-1-…,Architectural Drawings,DSC05229.JPG,,
Mümliswil,GTA Zürich,Archive Item 28-1937-1-…,Architectural Drawings,DSC05230.JPG,,
Mümliswil,GTA Zürich,Archive Item 28-1937-1-…,Architectural Drawings,DSC05231.JPG,,
Mümliswil,GTA Zürich,Archive Item 28-1937-1-…,Architectural Drawings,DSC05232.JPG,,
Mümliswil,My Visit,July 2012,Photos,IMG_0909.jpg,,
Mümliswil,My Visit,July 2012,Photos,IMG_0910.jpg,,
Mümliswil,My Visit,July 2012,Photos,IMG_0911.jpg,,
Mümliswil,My Visit,July 2012,Photos,IMG_0912.jpg,,
Mümliswil,My Visit,July 2012,Photos,IMG_0913.jpg,,
Mümliswil,My Visit,July 2012,Photos,IMG_1474.jpg,,
Mümliswil,My Visit,July 2012,Photos,IMG_1475.jpg,,
Mümliswil,My Visit,July 2012,Photos,IMG_1476.jpg,,
Mümliswil,My Visit,July 2012,Photos,IMG_1477.jpg,,
Mümliswil,My Visit,July 2012,Photos,IMG_1478.jpg,,
Mümliswil,My Visit,July 2012,Photos,IMG_1479.jpg,,
Mümliswil,My Visit,July 2012,Photos,IMG_1480.jpg,,
Mümliswil,My Visit,July 2012,Photos,IMG_1481.jpg,,
Mümliswil,My Visit,July 2012,Photos,IMG_1482.jpg,,
Mümliswil,My Visit,July 2012,Photos,Kinderheim Back Yard North.jpg,,
Mümliswil,My Visit,July 2012,Photos,Kinderheim Basement Door.jpg,,
Mümliswil,My Visit,July 2012,Photos,Kinderheim Bench 1.jpg,,
Mümliswil,My Visit,July 2012,Photos,Kinderheim Bench 2.jpg,,
Mümliswil,My Visit,July 2012,Photos,Kinderheim Bench.jpg,,
Mümliswil,My Visit,July 2012,Photos,Kinderheim Carport 1.jpg,,
Mümliswil,My Visit,July 2012,Photos,Kinderheim Carport 2.jpg,,
Mümliswil,My Visit,July 2012,Photos,Kinderheim Carport.jpg,,
Mümliswil,My Visit,July 2012,Photos,Kinderheim Dining Hall 1 (1).jpg,,
Mümliswil,My Visit,July 2012,Photos,Kinderheim Dining Hall 1.jpg,,
Mümliswil,My Visit,July 2012,Photos,Kinderheim Dining Hall 2 (1).jpg,,
Mümliswil,My Visit,July 2012,Photos,Kinderheim Dining Hall 2.jpg,,
Mümliswil,My Visit,July 2012,Photos,Kinderheim Dining Hall 3 (1).jpg,,
Mümliswil,My Visit,July 2012,Photos,Kinderheim Dining Hall 3.jpg,,
Mümliswil,My Visit,July 2012,Photos,Kinderheim Dining Hall 4 (1).jpg,,
Mümliswil,My Visit,July 2012,Photos,Kinderheim Dining Hall 4.jpg,,
Mümliswil,My Visit,July 2012,Photos,Kinderheim Dining Hall 5.jpg,,
Mümliswil,My Visit,July 2012,Photos,Kinderheim Dining Hall 6.jpg,,
Mümliswil,My Visit,July 2012,Photos,Kinderheim Door.jpg,,
Mümliswil,My Visit,July 2012,Photos,Kinderheim Downspout.jpg,,
Mümliswil,My Visit,July 2012,Photos,Kinderheim East Side 1.jpg,,
Mümliswil,My Visit,July 2012,Photos,Kinderheim East Side 2.jpg,,
Mümliswil,My Visit,July 2012,Photos,Kinderheim East Side 3.jpg,,
Mümliswil,My Visit,July 2012,Photos,Kinderheim East Side 4.jpg,,
Mümliswil,My Visit,July 2012,Photos,Kinderheim East Side Window.jpg,,
Mümliswil,My Visit,July 2012,Photos,Kinderheim East Wall 1.jpg,,
Mümliswil,My Visit,July 2012,Photos,Kinderheim East Wall 2.jpg,,
Mümliswil,My Visit,July 2012,Photos,Kinderheim Eave 1.jpg,,
Mümliswil,My Visit,July 2012,Photos,Kinderheim Eave 2.jpg,,
Mümliswil,My Visit,July 2012,Photos,Kinderheim Eave 3.jpg,,
Mümliswil,My Visit,July 2012,Photos,Kinderheim Eave 4.jpg,,
Mümliswil,My Visit,July 2012,Photos,Kinderheim Fountain 1.jpg,,
Mümliswil,My Visit,July 2012,Photos,Kinderheim Fountain 2.jpg,,
Mümliswil,My Visit,July 2012,Photos,Kinderheim in Background 1.jpg,,
Mümliswil,My Visit,July 2012,Photos,Kinderheim in Background 2.jpg,,
Mümliswil,My Visit,July 2012,Photos,Kinderheim in Background 3.jpg,,
Mümliswil,My Visit,July 2012,Photos,Kinderheim NE Corner.jpg,,
Mümliswil,My Visit,July 2012,Photos,Kinderheim NW Corner.jpg,,
Mümliswil,My Visit,July 2012,Photos,Kinderheim Ping Pong Table.jpg,,
Mümliswil,My Visit,July 2012,Photos,Kinderheim Roll Window.jpg,,
Mümliswil,My Visit,July 2012,Photos,Kinderheim SE Corner.jpg,,
Mümliswil,My Visit,July 2012,Photos,Kinderheim SE Corner:Overview.jpg,,
Mümliswil,My Visit,July 2012,Photos,Kinderheim South Side.jpg,,
Mümliswil,My Visit,July 2012,Photos,Kinderheim South Wall 1.jpg,,
Mümliswil,My Visit,July 2012,Photos,Kinderheim South Wall 2.jpg,,
Mümliswil,My Visit,July 2012,Photos,Kinderheim South Wall 3.jpg,,
Mümliswil,My Visit,July 2012,Photos,Kinderheim South Wall 4.jpg,,
Mümliswil,My Visit,July 2012,Photos,Kinderheim South Wall 5.jpg,,
Mümliswil,My Visit,July 2012,Photos,Kinderheim South Wall 6.jpg,,
Mümliswil,My Visit,July 2012,Photos,Kinderheim South Wall 7.jpg,,
Mümliswil,My Visit,July 2012,Photos,Kinderheim South Wall 8.jpg,,
Mümliswil,My Visit,July 2012,Photos,Kinderheim South Wall.jpg,,
Mümliswil,My Visit,July 2012,Photos,Kinderheim SW Corner.jpg,,
Mümliswil,My Visit,July 2012,Photos,Kinderheim West Side 1.jpg,,
Mümliswil,My Visit,July 2012,Photos,Kinderheim West Side 2.jpg,,
Mümliswil,My Visit,July 2012,Photos,View from Kinderheim.jpg,,
Mümliswil,Web,e-periodica.ch,Article,Hannes Meyer,Kinderheim…,1953.pdf
Mümliswil,Web,Kanton Solothurn Webpage,Article,Gabriel Häussler,Hannes Meyer und das Kinderheim…,2005.pdf
Mümliswil,Web,Kinderheime in der Schweiz Webpage,Article,Thomas Huonker,Hannes Meyers … Kinderheim Mümliswil,2012.pdf